subset,metric,system,n_langs,mean_delta_vs_llm,langs_system_better,p_value,p_holm
all12,bleu,amazon_translate,12,18.911,12,0.00048828,0.0014648
all12,bleu,microsoft_translator,12,17.864,12,0.00048828,0.0014648
all12,bleu,nllb200,12,7.9935,8,0.15137,0.15137
all12,meteor,amazon_translate,12,19.086,12,0.00048828,0.0014648
all12,meteor,microsoft_translator,12,20.588,11,0.0024414,0.0048828
all12,meteor,nllb200,12,13.067,7,0.077148,0.077148
all12,chrf,amazon_translate,12,24.948,12,0.00048828,0.0014648
all12,chrf,microsoft_translator,12,25.632,12,0.00048828,0.0014648
all12,chrf,nllb200,12,15.338,8,0.052246,0.052246
all12,rouge_l,amazon_translate,12,1.7101,7,0.33936,0.67871
all12,rouge_l,microsoft_translator,12,2.2386,9,0.012207,0.036621
all12,rouge_l,nllb200,12,-0.77154,4,0.42383,0.67871
all12,ter,amazon_translate,12,-26.495,1,0.00097656,0.0019531
all12,ter,microsoft_translator,12,-29.861,0,0.00048828,0.0014648
all12,ter,nllb200,12,-14.879,5,0.15137,0.15137
indic6,bleu,amazon_translate,6,29.071,6,0.03125,0.125
indic6,bleu,microsoft_translator,6,31.345,6,0.03125,0.125
indic6,bleu,nllb200,6,23.102,6,0.03125,0.125
indic6,bleu,indictrans2,6,18.257,6,0.03125,0.125
indic6,meteor,amazon_translate,6,31.236,6,0.03125,0.125
indic6,meteor,microsoft_translator,6,37.382,6,0.03125,0.125
indic6,meteor,nllb200,6,29.604,6,0.03125,0.125
indic6,meteor,indictrans2,6,25.679,6,0.03125,0.125
indic6,chrf,amazon_translate,6,38.138,6,0.03125,0.125
indic6,chrf,microsoft_translator,6,43.381,6,0.03125,0.125
indic6,chrf,nllb200,6,33.729,6,0.03125,0.125
indic6,chrf,indictrans2,6,32.109,6,0.03125,0.125
indic6,rouge_l,amazon_translate,6,0.15811,3,1,1
indic6,rouge_l,microsoft_translator,6,1.3892,4,0.21875,0.625
indic6,rouge_l,nllb200,6,1.4101,4,0.15625,0.625
indic6,rouge_l,indictrans2,6,-0.95916,2,0.15625,0.625
indic6,ter,amazon_translate,6,-46.131,0,0.03125,0.125
indic6,ter,microsoft_translator,6,-51.157,0,0.03125,0.125
indic6,ter,nllb200,6,-42.371,0,0.03125,0.125
indic6,ter,indictrans2,6,-33.998,0,0.03125,0.125
