lang,metric,system,score,bs_mean,ci95,llm_score,delta_vs_llm,p_value,p_holm,significant_0.05
de,bleu,qwen25_coder_7b,48.94424,48.55669,4.21200,48.94424,0.00000,,,False
de,bleu,amazon_translate,50.33521,50.52892,3.70307,48.94424,1.39097,0.09990,1.00000,False
de,bleu,microsoft_translator,52.34069,52.53591,3.95803,48.94424,3.39645,0.00200,0.05395,False
de,bleu,nllb200,40.83296,40.75329,1.85453,48.94424,-8.11128,0.00100,0.05395,False
de,bleu,qwen25_coder_7b_clean,48.89435,48.50421,4.29193,48.94424,-0.04989,0.17083,1.00000,False
de,chrf,qwen25_coder_7b,61.96425,61.98153,4.75060,61.96425,0.00000,,,False
de,chrf,amazon_translate,72.33502,72.35833,1.11942,61.96425,10.37077,0.00100,0.05395,False
de,chrf,microsoft_translator,71.52046,71.52966,0.76139,61.96425,9.55622,0.00100,0.05395,False
de,chrf,nllb200,60.98253,61.01010,4.26392,61.96425,-0.98171,0.01798,0.26973,False
de,chrf,qwen25_coder_7b_clean,61.87243,61.88969,4.87870,61.96425,-0.09182,0.08392,0.96503,False
fr,bleu,qwen25_coder_7b,52.15856,52.13905,4.72383,52.15856,0.00000,,,False
fr,bleu,amazon_translate,61.01276,61.19804,4.36207,52.15856,8.85420,0.00100,0.05395,False
fr,bleu,microsoft_translator,52.94453,53.09384,3.19839,52.15856,0.78597,0.16184,1.00000,False
fr,bleu,nllb200,42.97857,42.90757,1.92631,52.15856,-9.17999,0.00100,0.05395,False
fr,bleu,qwen25_coder_7b_clean,52.06511,52.04452,4.89745,52.15856,-0.09345,0.19281,1.00000,False
fr,chrf,qwen25_coder_7b,66.62294,66.64888,4.90723,66.62294,0.00000,,,False
fr,chrf,amazon_translate,78.91344,78.93429,1.29695,66.62294,12.29049,0.00100,0.05395,False
fr,chrf,microsoft_translator,71.73222,71.74059,0.70319,66.62294,5.10928,0.06893,0.96503,False
fr,chrf,nllb200,65.26757,65.28692,4.53483,66.62294,-1.35537,0.00200,0.05395,False
fr,chrf,qwen25_coder_7b_clean,66.51201,66.53797,5.05907,66.62294,-0.11094,0.08392,0.96503,False
zh,bleu,qwen25_coder_7b,60.66048,60.60138,5.20671,60.66048,0.00000,,,False
zh,bleu,amazon_translate,66.78284,66.79405,0.84199,60.66048,6.12236,0.03796,0.45554,False
zh,bleu,microsoft_translator,62.38118,62.36702,0.96495,60.66048,1.72070,0.24176,1.00000,False
zh,bleu,nllb200,42.03566,41.66508,3.36184,60.66048,-18.62482,0.00100,0.05395,False
zh,bleu,qwen25_coder_7b_clean,60.58256,60.53199,5.39283,60.66048,-0.07792,0.13586,1.00000,False
zh,chrf,qwen25_coder_7b,51.95864,52.25528,6.76884,51.95864,0.00000,,,False
zh,chrf,amazon_translate,59.73910,59.91993,2.50739,51.95864,7.78046,0.00400,0.06793,False
zh,chrf,microsoft_translator,54.12061,54.19187,1.33479,51.95864,2.16196,0.20080,0.96503,False
zh,chrf,nllb200,31.91955,32.05494,3.88604,51.95864,-20.03909,0.00100,0.05395,False
zh,chrf,qwen25_coder_7b_clean,51.84146,52.14178,6.95129,51.95864,-0.11719,0.10390,0.96503,False
es,bleu,qwen25_coder_7b,48.62083,48.57075,4.58115,48.62083,0.00000,,,False
es,bleu,amazon_translate,63.94607,64.13445,4.63039,48.62083,15.32524,0.00100,0.05395,False
es,bleu,microsoft_translator,59.54424,59.66063,2.98537,48.62083,10.92341,0.00100,0.05395,False
es,bleu,nllb200,49.52945,49.40321,2.36175,48.62083,0.90862,0.27273,1.00000,False
es,bleu,qwen25_coder_7b_clean,48.54571,48.49314,4.70486,48.62083,-0.07512,0.15584,1.00000,False
es,chrf,qwen25_coder_7b,64.07334,64.08385,4.83465,64.07334,0.00000,,,False
es,chrf,amazon_translate,79.72176,79.73051,1.47026,64.07334,15.64842,0.00100,0.05395,False
es,chrf,microsoft_translator,75.48142,75.48800,0.70159,64.07334,11.40808,0.00100,0.05395,False
es,chrf,nllb200,68.64223,68.67348,4.77784,64.07334,4.56889,0.00100,0.05395,False
es,chrf,qwen25_coder_7b_clean,63.96493,63.97543,4.98816,64.07334,-0.10842,0.08392,0.96503,False
ja,bleu,qwen25_coder_7b,42.48477,42.41076,3.81522,42.48477,0.00000,,,False
ja,bleu,amazon_translate,47.41688,47.47505,2.31353,42.48477,4.93211,0.00100,0.05395,False
ja,bleu,microsoft_translator,43.54201,43.49937,1.48061,42.48477,1.05724,0.20180,1.00000,False
ja,bleu,nllb200,31.49180,31.38123,2.95214,42.48477,-10.99297,0.00100,0.05395,False
ja,bleu,qwen25_coder_7b_clean,42.34979,42.27411,4.00983,42.48477,-0.13498,0.10889,1.00000,False
ja,chrf,qwen25_coder_7b,51.51240,51.66617,5.53064,51.51240,0.00000,,,False
ja,chrf,amazon_translate,57.79545,57.90299,1.89256,51.51240,6.28305,0.01399,0.22378,False
ja,chrf,microsoft_translator,56.42515,56.49180,1.13966,51.51240,4.91276,0.07293,0.96503,False
ja,chrf,nllb200,44.05574,44.19101,4.56370,51.51240,-7.45665,0.00100,0.05395,False
ja,chrf,qwen25_coder_7b_clean,51.36987,51.52797,5.71599,51.51240,-0.14252,0.08392,0.96503,False
hi,bleu,qwen25_coder_7b,23.44623,23.39865,2.52630,23.44623,0.00000,,,False
hi,bleu,amazon_translate,48.40868,48.46343,1.58215,23.44623,24.96246,0.00100,0.05395,False
hi,bleu,microsoft_translator,54.63624,54.68574,1.64398,23.44623,31.19002,0.00100,0.05395,False
hi,bleu,nllb200,41.83569,41.82724,4.27483,23.44623,18.38946,0.00100,0.05395,False
hi,bleu,indictrans2,33.98869,33.46936,2.69996,23.44623,10.54247,0.00100,0.05395,False
hi,bleu,qwen25_coder_7b_clean,23.62135,23.57390,2.56507,23.44623,0.17512,0.00899,0.13487,False
hi,chrf,qwen25_coder_7b,35.42425,35.42226,2.97742,35.42425,0.00000,,,False
hi,chrf,amazon_translate,61.45950,61.45250,0.83647,35.42425,26.03525,0.00100,0.05395,False
hi,chrf,microsoft_translator,70.36166,70.34565,0.66859,35.42425,34.93741,0.00100,0.05395,False
hi,chrf,nllb200,60.13811,60.16383,4.45216,35.42425,24.71387,0.00100,0.05395,False
hi,chrf,indictrans2,55.71288,55.73018,4.10531,35.42425,20.28864,0.00100,0.05395,False
hi,chrf,qwen25_coder_7b_clean,35.42374,35.42215,3.04541,35.42425,-0.00051,0.49550,0.96503,False
ar,bleu,qwen25_coder_7b,31.91077,31.89304,3.36045,31.91077,0.00000,,,False
ar,bleu,amazon_translate,47.79719,47.97607,3.39215,31.91077,15.88643,0.00100,0.05395,False
ar,bleu,microsoft_translator,40.31795,40.41421,2.08654,31.91077,8.40718,0.00100,0.05395,False
ar,bleu,nllb200,35.22283,35.17313,3.91648,31.91077,3.31206,0.00100,0.05395,False
ar,bleu,qwen25_coder_7b_clean,31.90558,31.88567,3.48731,31.91077,-0.00519,0.39560,1.00000,False
ar,chrf,qwen25_coder_7b,48.88707,48.89692,3.87841,48.88707,0.00000,,,False
ar,chrf,amazon_translate,67.06302,67.06403,0.78904,48.88707,18.17595,0.00100,0.05395,False
ar,chrf,microsoft_translator,63.03784,63.02133,0.66109,48.88707,14.15077,0.00100,0.05395,False
ar,chrf,nllb200,55.82973,55.85819,4.24666,48.88707,6.94266,0.00100,0.05395,False
ar,chrf,qwen25_coder_7b_clean,48.79340,48.80335,4.01578,48.88707,-0.09367,0.09291,0.96503,False
bn,bleu,qwen25_coder_7b,20.80407,20.64398,2.27039,20.80407,0.00000,,,False
bn,bleu,amazon_translate,41.15767,41.20270,2.65114,20.80407,20.35361,0.00100,0.05395,False
bn,bleu,microsoft_translator,44.76222,44.85926,2.43446,20.80407,23.95815,0.00100,0.05395,False
bn,bleu,nllb200,37.79297,37.77897,4.19926,20.80407,16.98890,0.00100,0.05395,False
bn,bleu,indictrans2,33.57203,33.40440,3.31904,20.80407,12.76796,0.00100,0.05395,False
bn,bleu,qwen25_coder_7b_clean,21.25266,21.17304,2.34276,20.80407,0.44859,0.03497,0.45455,False
bn,chrf,qwen25_coder_7b,34.83948,34.84865,2.92148,34.83948,0.00000,,,False
bn,chrf,amazon_translate,63.80946,63.80470,1.14637,34.83948,28.96999,0.00100,0.05395,False
bn,chrf,microsoft_translator,68.24816,68.24584,0.65976,34.83948,33.40869,0.00100,0.05395,False
bn,chrf,nllb200,60.11056,60.14165,4.62641,34.83948,25.27108,0.00100,0.05395,False
bn,chrf,indictrans2,59.92817,59.94788,4.44468,34.83948,25.08870,0.00100,0.05395,False
bn,chrf,qwen25_coder_7b_clean,34.88888,34.89845,2.97401,34.83948,0.04941,0.07493,0.96503,False
mr,bleu,qwen25_coder_7b,13.67865,13.52398,1.06256,13.67865,0.00000,,,False
mr,bleu,amazon_translate,34.20405,34.26015,2.64158,13.67865,20.52540,0.00100,0.05395,False
mr,bleu,microsoft_translator,45.55116,45.64708,2.70082,13.67865,31.87251,0.00100,0.05395,False
mr,bleu,nllb200,36.24821,36.23151,4.13067,13.67865,22.56956,0.00100,0.05395,False
mr,bleu,indictrans2,24.51188,24.40668,1.47673,13.67865,10.83323,0.00100,0.05395,False
mr,bleu,qwen25_coder_7b_clean,13.94455,13.75073,1.14263,13.67865,0.26590,0.00100,0.05395,False
mr,chrf,qwen25_coder_7b,25.32206,25.30928,2.00180,25.32206,0.00000,,,False
mr,chrf,amazon_translate,52.27915,52.27719,1.19536,25.32206,26.95710,0.00100,0.05395,False
mr,chrf,microsoft_translator,66.64515,66.63192,0.81304,25.32206,41.32309,0.00100,0.05395,False
mr,chrf,nllb200,56.51062,56.53369,4.28871,25.32206,31.18856,0.00100,0.05395,False
mr,chrf,indictrans2,49.07519,49.09908,3.71743,25.32206,23.75313,0.00100,0.05395,False
mr,chrf,qwen25_coder_7b_clean,25.33396,25.32130,2.05471,25.32206,0.01191,0.32168,0.96503,False
pa,bleu,qwen25_coder_7b,9.14323,9.05872,0.79010,9.14323,0.00000,,,False
pa,bleu,amazon_translate,48.76499,48.81323,2.34062,9.14323,39.62177,0.00100,0.05395,False
pa,bleu,microsoft_translator,44.03721,44.07688,1.18175,9.14323,34.89399,0.00100,0.05395,False
pa,bleu,nllb200,40.46175,40.46306,4.10866,9.14323,31.31852,0.00100,0.05395,False
pa,bleu,indictrans2,37.88950,37.75941,3.77542,9.14323,28.74627,0.00100,0.05395,False
pa,bleu,qwen25_coder_7b_clean,9.18335,9.09278,0.79083,9.14323,0.04013,0.01299,0.18182,False
pa,chrf,qwen25_coder_7b,15.73941,15.73389,1.25794,15.73941,0.00000,,,False
pa,chrf,amazon_translate,66.00266,66.00728,0.81044,15.73941,50.26325,0.00100,0.05395,False
pa,chrf,microsoft_translator,66.10414,66.11366,0.67102,15.73941,50.36473,0.00100,0.05395,False
pa,chrf,nllb200,57.94981,57.99265,4.38958,15.73941,42.21039,0.00100,0.05395,False
pa,chrf,indictrans2,58.17065,58.20990,4.63231,15.73941,42.43124,0.00100,0.05395,False
pa,chrf,qwen25_coder_7b_clean,15.73150,15.72598,1.28661,15.73941,-0.00791,0.21678,0.96503,False
ta,bleu,qwen25_coder_7b,14.33883,14.30270,1.81325,14.33883,0.00000,,,False
ta,bleu,amazon_translate,44.52912,44.70276,3.78530,14.33883,30.19029,0.00100,0.05395,False
ta,bleu,microsoft_translator,48.48495,48.66363,3.26461,14.33883,34.14612,0.00100,0.05395,False
ta,bleu,nllb200,38.29759,38.27199,4.14931,14.33883,23.95876,0.00100,0.05395,False
ta,bleu,indictrans2,35.67059,35.64766,3.77855,14.33883,21.33176,0.00100,0.05395,False
ta,bleu,qwen25_coder_7b_clean,14.70650,14.66817,1.87483,14.33883,0.36767,0.00100,0.05395,False
ta,chrf,qwen25_coder_7b,19.49535,19.48876,1.50230,19.49535,0.00000,,,False
ta,chrf,amazon_translate,65.49741,65.51223,1.34214,19.49535,46.00206,0.00100,0.05395,False
ta,chrf,microsoft_translator,70.66666,70.66931,0.68013,19.49535,51.17131,0.00100,0.05395,False
ta,chrf,nllb200,60.29157,60.31804,4.31182,19.49535,40.79622,0.00100,0.05395,False
ta,chrf,indictrans2,61.06734,61.08376,4.39830,19.49535,41.57199,0.00100,0.05395,False
ta,chrf,qwen25_coder_7b_clean,19.51426,19.50758,1.54629,19.49535,0.01891,0.17383,0.96503,False
te,bleu,qwen25_coder_7b,12.27690,12.02531,1.33761,12.27690,0.00000,,,False
te,bleu,amazon_translate,51.04954,51.24761,3.58297,12.27690,38.77265,0.00100,0.05395,False
te,bleu,microsoft_translator,44.28728,44.36946,1.75619,12.27690,32.01038,0.00100,0.05395,False
te,bleu,nllb200,37.66237,37.68385,4.18253,12.27690,25.38547,0.00100,0.05395,False
te,bleu,indictrans2,37.59589,37.58229,3.99194,12.27690,25.31899,0.00100,0.05395,False
te,bleu,qwen25_coder_7b_clean,12.97608,12.89430,1.51661,12.27690,0.69918,0.00200,0.05395,False
te,chrf,qwen25_coder_7b,18.57789,18.57817,1.48519,18.57789,0.00000,,,False
te,chrf,amazon_translate,69.17940,69.19276,1.12786,18.57789,50.60151,0.00100,0.05395,False
te,chrf,microsoft_translator,67.66015,67.66968,0.57976,18.57789,49.08227,0.00100,0.05395,False
te,chrf,nllb200,56.76958,56.80941,4.32796,18.57789,38.19169,0.00100,0.05395,False
te,chrf,indictrans2,58.09585,58.11309,4.20859,18.57789,39.51796,0.00100,0.05395,False
te,chrf,qwen25_coder_7b_clean,18.67142,18.67161,1.51729,18.57789,0.09353,0.00100,0.05395,False
