lang,system,n,mean_llm,mean_system,median_diff,mean_diff,system_better,tie,llm_better,rank_biserial,p_value,p_holm
de,amazon_translate,10228,65.95,73.044,0,7.0938,3813,3813,2602,0.26855,1.9015e-77,3.9932e-76
de,microsoft_translator,10228,65.95,73.294,0,7.3442,3743,3944,2541,0.27906,8.1664e-82,1.7966e-80
de,nllb200,10228,65.95,64.414,0,-1.5356,3334,3281,3613,-0.057063,3.8038e-05,0.00045646
de,qwen25_coder_7b_clean,10228,65.95,65.95,0,-0.0002149,0,10227,1,-1,0.31731,0.95193
fr,amazon_translate,10228,69.768,78.812,0,9.0442,3876,4326,2026,0.39815,1.2395e-154,3.2226e-153
fr,microsoft_translator,10228,69.768,71.717,0,1.9492,3372,3759,3097,0.075583,1.4026e-07,1.9637e-06
fr,nllb200,10228,69.768,66.466,0,-3.3021,3157,3244,3827,-0.12042,2.8983e-18,5.217e-17
fr,qwen25_coder_7b_clean,10228,69.768,69.761,0,-0.0066892,0,10224,4,-1,0.067889,0.33945
zh,amazon_translate,10228,61.957,65.449,0,3.4921,2791,5198,2239,0.14905,5.4124e-20,1.0825e-18
zh,microsoft_translator,10228,61.957,60.638,0,-1.3194,2801,4467,2960,-0.04649,0.0022417,0.015692
zh,nllb200,10228,61.957,42.61,-0.441,-19.347,1804,3294,5130,-0.60039,0,0
zh,qwen25_coder_7b_clean,10228,61.957,61.972,0,0.014287,26,10199,3,0.69195,0.0011326,0.0090606
es,amazon_translate,10228,67.091,79.859,0,12.769,4747,3647,1834,0.53891,0,0
es,microsoft_translator,10228,67.091,75.102,0,8.0109,4237,3596,2395,0.35669,1.1747e-139,2.9367e-138
es,nllb200,10228,67.091,68.846,0,1.7549,4152,2535,3541,0.10007,2.9226e-14,4.9685e-13
es,qwen25_coder_7b_clean,10228,67.091,67.091,0,0.00012368,1,10226,1,0.33333,0.65472,1
ja,amazon_translate,10228,55.438,59.595,0,4.1575,3205,4042,2981,0.13426,5.9267e-20,1.1261e-18
ja,microsoft_translator,10228,55.438,58.122,0,2.6841,3338,3781,3109,0.085641,2.589e-09,3.8835e-08
ja,nllb200,10228,55.438,46.3,0,-9.1378,2668,3318,4242,-0.30895,1.336e-109,3.2064e-108
ja,qwen25_coder_7b_clean,10228,55.438,55.438,0,-0.00017276,1,10226,1,-0.33333,0.65472,1
hi,amazon_translate,10228,36.463,57.671,13.367,21.208,6238,1250,2740,0.55517,0,0
hi,microsoft_translator,10228,36.463,69.581,31.276,33.118,7247,1316,1665,0.78565,0,0
hi,nllb200,10228,36.463,63.433,20.603,26.97,6834,1278,2116,0.697,0,0
hi,indictrans2,10228,36.463,59.268,17.273,22.806,6587,1009,2632,0.58655,0,0
hi,qwen25_coder_7b_clean,10228,36.463,36.474,0,0.011197,16,10210,2,0.89474,0.00086348,0.0077713
ar,amazon_translate,10228,51.643,66.893,0.2285,15.25,5142,2657,2429,0.50375,0,0
ar,microsoft_translator,10228,51.643,63.118,0,11.475,4857,2675,2696,0.39239,1.0495e-191,2.8337e-190
ar,nllb200,10228,51.643,59.153,0,7.51,4495,2676,3057,0.27308,7.3016e-94,1.6794e-92
ar,qwen25_coder_7b_clean,10228,51.643,51.641,0,-0.0014736,2,10220,6,-0.61111,0.12303,0.4921
bn,amazon_translate,10228,36.45,66.43,26.715,29.98,7176,1391,1661,0.76755,0,0
bn,microsoft_translator,10228,36.45,70.308,32.557,33.858,7372,1209,1647,0.79281,0,0
bn,nllb200,10228,36.45,64.488,23.734,28.038,6998,1224,2006,0.71521,0,0
bn,indictrans2,10228,36.45,63.973,25.439,27.523,7123,841,2264,0.68218,0,0
bn,qwen25_coder_7b_clean,10228,36.45,36.473,0,0.022899,24,10201,3,0.86772,8.1448e-05,0.00089592
mr,amazon_translate,10228,26.428,56.562,25.128,30.135,7756,665,1807,0.77412,0,0
mr,microsoft_translator,10228,26.428,69.853,44.744,43.426,8366,631,1231,0.89126,0,0
mr,nllb200,10228,26.428,61.261,31.489,34.833,7966,628,1634,0.81117,0,0
mr,indictrans2,10228,26.428,54.275,24.894,27.847,7365,345,2518,0.65838,0,0
mr,qwen25_coder_7b_clean,10228,26.428,26.433,0,0.0056519,24,10201,3,0.85714,9.9401e-05,0.00099401
pa,amazon_translate,10228,15.789,68.118,54.581,52.329,9256,216,756,0.95849,0,0
pa,microsoft_translator,10228,15.789,67.571,54.523,51.782,9067,247,914,0.95135,0,0
pa,nllb200,10228,15.789,61.116,44.051,45.327,8925,204,1099,0.93018,0,0
pa,indictrans2,10228,15.789,61.313,44.38,45.524,8957,207,1064,0.92951,0,0
pa,qwen25_coder_7b_clean,10228,15.789,15.793,0,0.0037156,8,10219,1,0.95556,0.010862,0.065173
ta,amazon_translate,10228,19.471,68.064,49.239,48.594,9161,287,780,0.95279,0,0
ta,microsoft_translator,10228,19.471,72.767,58.456,53.296,9240,279,709,0.96379,0,0
ta,nllb200,10228,19.471,64.297,43.993,44.827,8905,274,1049,0.93125,0,0
ta,indictrans2,10228,19.471,65.39,46.463,45.919,9013,192,1023,0.92686,0,0
ta,qwen25_coder_7b_clean,10228,19.471,19.496,0,0.024769,30,10195,3,0.89661,6.983e-06,9.0778e-05
te,amazon_translate,10228,19.043,71.011,56.251,51.968,9076,314,838,0.95617,0,0
te,microsoft_translator,10228,19.043,69.96,54.99,50.917,8965,231,1032,0.93769,0,0
te,nllb200,10228,19.043,60.731,39.249,41.688,8655,230,1343,0.89093,0,0
te,indictrans2,10228,19.043,63.202,44.936,44.16,8675,178,1375,0.89484,0,0
te,qwen25_coder_7b_clean,10228,19.043,19.099,0,0.056574,103,10115,10,0.81431,5.776e-14,9.2416e-13
