system,lang,n_strings,bleu,meteor,chrf,rouge_l,ter
qwen25_coder_7b,de,10228,48.94424082071789,36.981729355333734,61.96424814071112,59.770894177330604,54.45768282662284
qwen25_coder_7b,fr,10228,52.1585609993121,56.816715216203036,66.62294445669235,73.95617024384313,40.66367425456877
qwen25_coder_7b,zh,10228,60.66047980769757,27.034157133828295,51.958644775055355,16.18653021967889,62.505736576411195
qwen25_coder_7b,es,10228,48.62082971867849,59.28618696957303,64.07334080361518,74.89505848256175,34.70794848445427
qwen25_coder_7b,ja,10228,42.48477047924694,19.995477483312087,51.5123951721361,16.29087800417645,75.93942338840299
qwen25_coder_7b,hi,10228,23.44622813028852,23.760155609931463,35.424245278975185,9.427319030858333,75.44533450382238
qwen25_coder_7b,ar,10228,31.910768335711605,33.53114303297861,48.88707227795431,13.059515272644603,61.729386568762436
qwen25_coder_7b,bn,10228,20.8040662062756,21.66215345900366,34.83947527808913,6.339702541319997,77.57943591574438
qwen25_coder_7b,mr,10228,13.678650689240463,13.358231920941641,25.322056633717583,5.970098231489509,96.06305578011319
qwen25_coder_7b,pa,10228,9.143226152499718,6.80712311270016,15.739412957491982,10.005567858031682,113.53474320241692
qwen25_coder_7b,ta,10228,14.338834027224719,8.697992446578569,19.49535156775753,12.228242252684957,92.59836548993175
qwen25_coder_7b,te,10228,12.276897877656994,8.38780994877019,18.577888153157716,10.879654791226432,99.37921615693416
qwen25_coder_7b_clean,de,10228,48.89435019129971,36.9816069244202,61.8724287286343,59.77060566792092,54.467953985209526
qwen25_coder_7b_clean,fr,10228,52.06511012571498,56.805735038715746,66.51200639259366,73.95065559879137,40.66367425456877
qwen25_coder_7b_clean,zh,10228,60.58255792178497,27.057684727838282,51.84145537282209,16.185748268416823,62.467492733669886
qwen25_coder_7b_clean,es,10228,48.54571203813664,59.286009471284174,63.96492556036739,74.89465718767053,34.74047092493821
qwen25_coder_7b_clean,ja,10228,42.34978722006286,19.995328546444444,51.369872007234704,16.290222557303693,75.94752186588921
qwen25_coder_7b_clean,hi,10228,23.621348291767042,23.766248125650055,35.42373981651685,9.43492342837278,75.06492556421229
qwen25_coder_7b_clean,ar,10228,31.905581262867067,33.52954359329046,48.79340386519466,13.039346196757224,61.660547651828054
qwen25_coder_7b_clean,bn,10228,21.252656294658678,21.66371288549656,34.88888343676608,6.350364698526606,76.75036693244476
qwen25_coder_7b_clean,mr,10228,13.944546762157504,13.358193580195197,25.333961739232326,5.970098231489509,95.34357316087309
qwen25_coder_7b_clean,pa,10228,9.18335482451968,6.809442456515505,15.731502025637893,10.005567858031682,113.440332326284
qwen25_coder_7b_clean,ta,10228,14.70650186911339,8.704678549051655,19.514259779950024,12.22335371142567,91.9285533743365
qwen25_coder_7b_clean,te,10228,12.976081736065767,8.415868926275934,18.671420515498124,10.86112489197694,97.23958117783388
