system,lang,category,n,preserved_pct
baseline_google_translate,de,placeholder,357,94.678
baseline_google_translate,de,accelerator,801,90.637
baseline_google_translate,de,identifier,367,56.676
baseline_google_translate,de,colon,1427,100.000
baseline_google_translate,de,ellipsis,189,100.000
baseline_google_translate,fr,placeholder,357,96.919
baseline_google_translate,fr,accelerator,801,37.703
baseline_google_translate,fr,identifier,367,55.041
baseline_google_translate,fr,colon,1427,99.860
baseline_google_translate,fr,ellipsis,189,100.000
baseline_google_translate,zh,placeholder,357,80.952
baseline_google_translate,zh,accelerator,801,5.868
baseline_google_translate,zh,identifier,367,42.779
baseline_google_translate,zh,colon,1427,100.000
baseline_google_translate,zh,ellipsis,189,100.000
baseline_google_translate,es,placeholder,357,98.319
baseline_google_translate,es,accelerator,801,36.330
baseline_google_translate,es,identifier,367,39.782
baseline_google_translate,es,colon,1427,100.000
baseline_google_translate,es,ellipsis,189,100.000
baseline_google_translate,ja,placeholder,357,78.431
baseline_google_translate,ja,accelerator,801,7.865
baseline_google_translate,ja,identifier,367,39.510
baseline_google_translate,ja,colon,1427,99.369
baseline_google_translate,ja,ellipsis,189,100.000
baseline_google_translate,hi,placeholder,357,85.434
baseline_google_translate,hi,accelerator,801,39.451
baseline_google_translate,hi,identifier,367,15.531
baseline_google_translate,hi,colon,1427,100.000
baseline_google_translate,hi,ellipsis,189,100.000
baseline_google_translate,ar,placeholder,357,75.070
baseline_google_translate,ar,accelerator,801,37.953
baseline_google_translate,ar,identifier,367,35.967
baseline_google_translate,ar,colon,1427,100.000
baseline_google_translate,ar,ellipsis,189,100.000
baseline_google_translate,bn,placeholder,357,65.826
baseline_google_translate,bn,accelerator,801,1.623
baseline_google_translate,bn,identifier,367,14.441
baseline_google_translate,bn,colon,1427,100.000
baseline_google_translate,bn,ellipsis,189,100.000
baseline_google_translate,mr,placeholder,357,90.196
baseline_google_translate,mr,accelerator,801,0.874
baseline_google_translate,mr,identifier,367,10.082
baseline_google_translate,mr,colon,1427,100.000
baseline_google_translate,mr,ellipsis,189,100.000
baseline_google_translate,pa,placeholder,357,38.936
baseline_google_translate,pa,accelerator,801,23.096
baseline_google_translate,pa,identifier,367,17.984
baseline_google_translate,pa,colon,1427,99.439
baseline_google_translate,pa,ellipsis,189,95.767
baseline_google_translate,ta,placeholder,357,94.118
baseline_google_translate,ta,accelerator,801,50.811
baseline_google_translate,ta,identifier,367,25.886
baseline_google_translate,ta,colon,1427,100.000
baseline_google_translate,ta,ellipsis,189,100.000
baseline_google_translate,te,placeholder,357,97.759
baseline_google_translate,te,accelerator,801,87.516
baseline_google_translate,te,identifier,367,16.894
baseline_google_translate,te,colon,1427,100.000
baseline_google_translate,te,ellipsis,189,100.000
amazon_translate,de,placeholder,357,99.440
amazon_translate,de,accelerator,801,82.522
amazon_translate,de,identifier,367,35.150
amazon_translate,de,colon,1427,100.000
amazon_translate,de,ellipsis,189,100.000
amazon_translate,fr,placeholder,357,97.479
amazon_translate,fr,accelerator,801,45.069
amazon_translate,fr,identifier,367,32.153
amazon_translate,fr,colon,1427,99.860
amazon_translate,fr,ellipsis,189,100.000
amazon_translate,zh,placeholder,357,89.356
amazon_translate,zh,accelerator,801,61.548
amazon_translate,zh,identifier,367,32.153
amazon_translate,zh,colon,1427,100.000
amazon_translate,zh,ellipsis,189,100.000
amazon_translate,es,placeholder,357,99.440
amazon_translate,es,accelerator,801,61.923
amazon_translate,es,identifier,367,35.695
amazon_translate,es,colon,1427,100.000
amazon_translate,es,ellipsis,189,100.000
amazon_translate,ja,placeholder,357,99.160
amazon_translate,ja,accelerator,801,77.528
amazon_translate,ja,identifier,367,15.259
amazon_translate,ja,colon,1427,99.650
amazon_translate,ja,ellipsis,189,97.884
amazon_translate,hi,placeholder,357,5.882
amazon_translate,hi,accelerator,801,3.745
amazon_translate,hi,identifier,367,13.896
amazon_translate,hi,colon,1427,98.669
amazon_translate,hi,ellipsis,189,89.947
amazon_translate,ar,placeholder,357,98.880
amazon_translate,ar,accelerator,801,2.871
amazon_translate,ar,identifier,367,10.899
amazon_translate,ar,colon,1427,100.000
amazon_translate,ar,ellipsis,189,100.000
amazon_translate,bn,placeholder,357,2.521
amazon_translate,bn,accelerator,801,67.790
amazon_translate,bn,identifier,367,1.907
amazon_translate,bn,colon,1427,98.108
amazon_translate,bn,ellipsis,189,99.471
amazon_translate,mr,placeholder,357,1.681
amazon_translate,mr,accelerator,801,24.345
amazon_translate,mr,identifier,367,2.180
amazon_translate,mr,colon,1427,89.068
amazon_translate,mr,ellipsis,189,86.243
amazon_translate,pa,placeholder,357,2.241
amazon_translate,pa,accelerator,801,49.189
amazon_translate,pa,identifier,367,1.907
amazon_translate,pa,colon,1427,99.159
amazon_translate,pa,ellipsis,189,98.942
amazon_translate,ta,placeholder,357,3.081
amazon_translate,ta,accelerator,801,88.514
amazon_translate,ta,identifier,367,8.992
amazon_translate,ta,colon,1427,98.178
amazon_translate,ta,ellipsis,189,98.413
amazon_translate,te,placeholder,357,2.521
amazon_translate,te,accelerator,801,99.001
amazon_translate,te,identifier,367,3.542
amazon_translate,te,colon,1427,99.790
amazon_translate,te,ellipsis,189,100.000
microsoft_translator,de,placeholder,357,80.112
microsoft_translator,de,accelerator,801,96.629
microsoft_translator,de,identifier,367,87.193
microsoft_translator,de,colon,1427,100.000
microsoft_translator,de,ellipsis,189,100.000
microsoft_translator,fr,placeholder,357,64.986
microsoft_translator,fr,accelerator,801,91.511
microsoft_translator,fr,identifier,367,81.199
microsoft_translator,fr,colon,1427,100.000
microsoft_translator,fr,ellipsis,189,100.000
microsoft_translator,zh,placeholder,357,83.473
microsoft_translator,zh,accelerator,801,63.421
microsoft_translator,zh,identifier,367,47.139
microsoft_translator,zh,colon,1427,100.000
microsoft_translator,zh,ellipsis,189,100.000
microsoft_translator,es,placeholder,357,91.036
microsoft_translator,es,accelerator,801,81.024
microsoft_translator,es,identifier,367,76.294
microsoft_translator,es,colon,1427,100.000
microsoft_translator,es,ellipsis,189,100.000
microsoft_translator,ja,placeholder,357,88.235
microsoft_translator,ja,accelerator,801,60.924
microsoft_translator,ja,identifier,367,47.411
microsoft_translator,ja,colon,1427,99.930
microsoft_translator,ja,ellipsis,189,100.000
microsoft_translator,hi,placeholder,357,97.759
microsoft_translator,hi,accelerator,801,4.869
microsoft_translator,hi,identifier,367,30.518
microsoft_translator,hi,colon,1427,100.000
microsoft_translator,hi,ellipsis,189,95.238
microsoft_translator,ar,placeholder,357,1.961
microsoft_translator,ar,accelerator,801,79.151
microsoft_translator,ar,identifier,367,44.687
microsoft_translator,ar,colon,1427,97.758
microsoft_translator,ar,ellipsis,189,99.471
microsoft_translator,bn,placeholder,357,55.742
microsoft_translator,bn,accelerator,801,4.120
microsoft_translator,bn,identifier,367,28.883
microsoft_translator,bn,colon,1427,99.369
microsoft_translator,bn,ellipsis,189,100.000
microsoft_translator,mr,placeholder,357,6.162
microsoft_translator,mr,accelerator,801,2.747
microsoft_translator,mr,identifier,367,28.338
microsoft_translator,mr,colon,1427,100.000
microsoft_translator,mr,ellipsis,189,99.471
microsoft_translator,pa,placeholder,357,1.961
microsoft_translator,pa,accelerator,801,0.000
microsoft_translator,pa,identifier,367,48.229
microsoft_translator,pa,colon,1427,99.650
microsoft_translator,pa,ellipsis,189,97.884
microsoft_translator,ta,placeholder,357,48.179
microsoft_translator,ta,accelerator,801,31.960
microsoft_translator,ta,identifier,367,40.599
microsoft_translator,ta,colon,1427,99.860
microsoft_translator,ta,ellipsis,189,100.000
microsoft_translator,te,placeholder,357,59.104
microsoft_translator,te,accelerator,801,27.091
microsoft_translator,te,identifier,367,28.338
microsoft_translator,te,colon,1427,99.720
microsoft_translator,te,ellipsis,189,100.000
nllb200,de,placeholder,357,60.224
nllb200,de,accelerator,801,84.395
nllb200,de,identifier,367,48.501
nllb200,de,colon,1427,98.388
nllb200,de,ellipsis,189,86.243
nllb200,fr,placeholder,357,43.978
nllb200,fr,accelerator,801,73.658
nllb200,fr,identifier,367,41.144
nllb200,fr,colon,1427,97.197
nllb200,fr,ellipsis,189,92.593
nllb200,zh,placeholder,357,42.577
nllb200,zh,accelerator,801,15.481
nllb200,zh,identifier,367,11.172
nllb200,zh,colon,1427,99.089
nllb200,zh,ellipsis,189,52.381
nllb200,es,placeholder,357,52.381
nllb200,es,accelerator,801,60.549
nllb200,es,identifier,367,39.237
nllb200,es,colon,1427,97.407
nllb200,es,ellipsis,189,93.651
nllb200,ja,placeholder,357,62.745
nllb200,ja,accelerator,801,48.814
nllb200,ja,identifier,367,35.695
nllb200,ja,colon,1427,86.545
nllb200,ja,ellipsis,189,65.079
nllb200,hi,placeholder,357,81.513
nllb200,hi,accelerator,801,70.037
nllb200,hi,identifier,367,25.613
nllb200,hi,colon,1427,29.853
nllb200,hi,ellipsis,189,100.000
nllb200,ar,placeholder,357,53.501
nllb200,ar,accelerator,801,60.300
nllb200,ar,identifier,367,35.150
nllb200,ar,colon,1427,96.146
nllb200,ar,ellipsis,189,58.730
nllb200,bn,placeholder,357,40.056
nllb200,bn,accelerator,801,84.395
nllb200,bn,identifier,367,23.706
nllb200,bn,colon,1427,20.533
nllb200,bn,ellipsis,189,100.000
nllb200,mr,placeholder,357,85.434
nllb200,mr,accelerator,801,70.787
nllb200,mr,identifier,367,11.717
nllb200,mr,colon,1427,88.788
nllb200,mr,ellipsis,189,28.042
nllb200,pa,placeholder,357,71.709
nllb200,pa,accelerator,801,76.904
nllb200,pa,identifier,367,25.341
nllb200,pa,colon,1427,10.441
nllb200,pa,ellipsis,189,99.471
nllb200,ta,placeholder,357,64.706
nllb200,ta,accelerator,801,96.005
nllb200,ta,identifier,367,50.681
nllb200,ta,colon,1427,34.548
nllb200,ta,ellipsis,189,96.825
nllb200,te,placeholder,357,55.742
nllb200,te,accelerator,801,94.132
nllb200,te,identifier,367,14.169
nllb200,te,colon,1427,26.209
nllb200,te,ellipsis,189,66.667
indictrans2,hi,placeholder,357,0.560
indictrans2,hi,accelerator,801,45.818
indictrans2,hi,identifier,367,0.817
indictrans2,hi,colon,1427,5.606
indictrans2,hi,ellipsis,189,98.942
indictrans2,bn,placeholder,357,0.560
indictrans2,bn,accelerator,801,42.697
indictrans2,bn,identifier,367,1.090
indictrans2,bn,colon,1427,4.695
indictrans2,bn,ellipsis,189,100.000
indictrans2,mr,placeholder,357,0.840
indictrans2,mr,accelerator,801,42.072
indictrans2,mr,identifier,367,0.272
indictrans2,mr,colon,1427,5.256
indictrans2,mr,ellipsis,189,98.413
indictrans2,pa,placeholder,357,0.840
indictrans2,pa,accelerator,801,46.067
indictrans2,pa,identifier,367,5.450
indictrans2,pa,colon,1427,6.797
indictrans2,pa,ellipsis,189,99.471
indictrans2,ta,placeholder,357,1.120
indictrans2,ta,accelerator,801,76.779
indictrans2,ta,identifier,367,3.542
indictrans2,ta,colon,1427,5.116
indictrans2,ta,ellipsis,189,100.000
indictrans2,te,placeholder,357,0.840
indictrans2,te,accelerator,801,80.150
indictrans2,te,identifier,367,3.270
indictrans2,te,colon,1427,6.237
indictrans2,te,ellipsis,189,99.471
qwen25_coder_7b,de,placeholder,357,99.440
qwen25_coder_7b,de,accelerator,801,98.876
qwen25_coder_7b,de,identifier,367,47.411
qwen25_coder_7b,de,colon,1427,99.930
qwen25_coder_7b,de,ellipsis,189,100.000
qwen25_coder_7b,fr,placeholder,357,99.440
qwen25_coder_7b,fr,accelerator,801,97.753
qwen25_coder_7b,fr,identifier,367,52.589
qwen25_coder_7b,fr,colon,1427,99.860
qwen25_coder_7b,fr,ellipsis,189,100.000
qwen25_coder_7b,zh,placeholder,357,99.440
qwen25_coder_7b,zh,accelerator,801,84.894
qwen25_coder_7b,zh,identifier,367,28.883
qwen25_coder_7b,zh,colon,1427,99.369
qwen25_coder_7b,zh,ellipsis,189,99.471
qwen25_coder_7b,es,placeholder,357,99.720
qwen25_coder_7b,es,accelerator,801,97.878
qwen25_coder_7b,es,identifier,367,44.687
qwen25_coder_7b,es,colon,1427,99.930
qwen25_coder_7b,es,ellipsis,189,100.000
qwen25_coder_7b,ja,placeholder,357,99.160
qwen25_coder_7b,ja,accelerator,801,76.404
qwen25_coder_7b,ja,identifier,367,22.888
qwen25_coder_7b,ja,colon,1427,98.388
qwen25_coder_7b,ja,ellipsis,189,94.180
qwen25_coder_7b,hi,placeholder,357,99.160
qwen25_coder_7b,hi,accelerator,801,88.015
qwen25_coder_7b,hi,identifier,367,16.349
qwen25_coder_7b,hi,colon,1427,99.299
qwen25_coder_7b,hi,ellipsis,189,97.354
qwen25_coder_7b,ar,placeholder,357,98.319
qwen25_coder_7b,ar,accelerator,801,66.542
qwen25_coder_7b,ar,identifier,367,27.793
qwen25_coder_7b,ar,colon,1427,99.089
qwen25_coder_7b,ar,ellipsis,189,100.000
qwen25_coder_7b,bn,placeholder,357,97.759
qwen25_coder_7b,bn,accelerator,801,83.770
qwen25_coder_7b,bn,identifier,367,13.079
qwen25_coder_7b,bn,colon,1427,97.407
qwen25_coder_7b,bn,ellipsis,189,95.767
qwen25_coder_7b,mr,placeholder,357,97.759
qwen25_coder_7b,mr,accelerator,801,85.643
qwen25_coder_7b,mr,identifier,367,11.172
qwen25_coder_7b,mr,colon,1427,98.739
qwen25_coder_7b,mr,ellipsis,189,97.354
qwen25_coder_7b,pa,placeholder,357,90.756
qwen25_coder_7b,pa,accelerator,801,81.648
qwen25_coder_7b,pa,identifier,367,18.529
qwen25_coder_7b,pa,colon,1427,91.731
qwen25_coder_7b,pa,ellipsis,189,82.011
qwen25_coder_7b,ta,placeholder,357,99.160
qwen25_coder_7b,ta,accelerator,801,93.134
qwen25_coder_7b,ta,identifier,367,20.981
qwen25_coder_7b,ta,colon,1427,97.758
qwen25_coder_7b,ta,ellipsis,189,95.767
qwen25_coder_7b,te,placeholder,357,97.199
qwen25_coder_7b,te,accelerator,801,88.514
qwen25_coder_7b,te,identifier,367,11.989
qwen25_coder_7b,te,colon,1427,92.992
qwen25_coder_7b,te,ellipsis,189,91.005
qwen25_coder_7b_clean,de,placeholder,357,99.440
qwen25_coder_7b_clean,de,accelerator,801,98.752
qwen25_coder_7b_clean,de,identifier,367,47.411
qwen25_coder_7b_clean,de,colon,1427,99.930
qwen25_coder_7b_clean,de,ellipsis,189,100.000
qwen25_coder_7b_clean,fr,placeholder,357,99.440
qwen25_coder_7b_clean,fr,accelerator,801,97.628
qwen25_coder_7b_clean,fr,identifier,367,52.589
qwen25_coder_7b_clean,fr,colon,1427,99.860
qwen25_coder_7b_clean,fr,ellipsis,189,100.000
qwen25_coder_7b_clean,zh,placeholder,357,99.440
qwen25_coder_7b_clean,zh,accelerator,801,84.769
qwen25_coder_7b_clean,zh,identifier,367,28.883
qwen25_coder_7b_clean,zh,colon,1427,99.790
qwen25_coder_7b_clean,zh,ellipsis,189,100.000
qwen25_coder_7b_clean,es,placeholder,357,99.720
qwen25_coder_7b_clean,es,accelerator,801,97.753
qwen25_coder_7b_clean,es,identifier,367,44.687
qwen25_coder_7b_clean,es,colon,1427,100.000
qwen25_coder_7b_clean,es,ellipsis,189,100.000
qwen25_coder_7b_clean,ja,placeholder,357,99.160
qwen25_coder_7b_clean,ja,accelerator,801,76.280
qwen25_coder_7b_clean,ja,identifier,367,22.888
qwen25_coder_7b_clean,ja,colon,1427,98.388
qwen25_coder_7b_clean,ja,ellipsis,189,94.180
qwen25_coder_7b_clean,hi,placeholder,357,99.160
qwen25_coder_7b_clean,hi,accelerator,801,88.015
qwen25_coder_7b_clean,hi,identifier,367,16.349
qwen25_coder_7b_clean,hi,colon,1427,99.509
qwen25_coder_7b_clean,hi,ellipsis,189,98.942
qwen25_coder_7b_clean,ar,placeholder,357,98.319
qwen25_coder_7b_clean,ar,accelerator,801,66.542
qwen25_coder_7b_clean,ar,identifier,367,27.793
qwen25_coder_7b_clean,ar,colon,1427,99.089
qwen25_coder_7b_clean,ar,ellipsis,189,100.000
qwen25_coder_7b_clean,bn,placeholder,357,97.759
qwen25_coder_7b_clean,bn,accelerator,801,83.770
qwen25_coder_7b_clean,bn,identifier,367,13.079
qwen25_coder_7b_clean,bn,colon,1427,98.528
qwen25_coder_7b_clean,bn,ellipsis,189,97.354
qwen25_coder_7b_clean,mr,placeholder,357,97.759
qwen25_coder_7b_clean,mr,accelerator,801,85.643
qwen25_coder_7b_clean,mr,identifier,367,11.172
qwen25_coder_7b_clean,mr,colon,1427,99.019
qwen25_coder_7b_clean,mr,ellipsis,189,97.884
qwen25_coder_7b_clean,pa,placeholder,357,90.756
qwen25_coder_7b_clean,pa,accelerator,801,81.648
qwen25_coder_7b_clean,pa,identifier,367,18.529
qwen25_coder_7b_clean,pa,colon,1427,92.151
qwen25_coder_7b_clean,pa,ellipsis,189,82.011
qwen25_coder_7b_clean,ta,placeholder,357,99.160
qwen25_coder_7b_clean,ta,accelerator,801,93.134
qwen25_coder_7b_clean,ta,identifier,367,20.981
qwen25_coder_7b_clean,ta,colon,1427,99.369
qwen25_coder_7b_clean,ta,ellipsis,189,97.884
qwen25_coder_7b_clean,te,placeholder,357,97.199
qwen25_coder_7b_clean,te,accelerator,801,88.514
qwen25_coder_7b_clean,te,identifier,367,11.444
qwen25_coder_7b_clean,te,colon,1427,97.197
qwen25_coder_7b_clean,te,ellipsis,189,92.063
