system,lang,n,empty,untranslated,wrong_script,script_intrusion,overgeneration,meta_commentary,corrupt_char
baseline_google_translate,de,10228,0.0000,0.0000,0.0000,0.0000,0.0000,0.0000,0.0000
baseline_google_translate,fr,10228,0.0000,0.0000,0.0000,0.0000,0.0000,0.0098,0.0000
baseline_google_translate,zh,10228,0.0000,0.0000,0.0000,0.0098,0.0000,0.0293,0.0000
baseline_google_translate,es,10228,0.0000,0.0000,0.0000,0.3031,0.0000,0.0000,0.0000
baseline_google_translate,ja,10228,0.0000,0.0000,0.0000,0.0098,0.0000,0.0196,0.0000
baseline_google_translate,hi,10228,0.0000,0.0000,0.0000,0.0000,0.0000,0.0000,0.0000
baseline_google_translate,ar,10228,0.0000,0.0000,0.0000,0.0000,0.0000,0.0000,0.0000
baseline_google_translate,bn,10228,0.0000,0.0000,0.0000,0.0000,0.0000,0.0000,0.0000
baseline_google_translate,mr,10228,0.0000,0.0000,0.0000,0.0000,0.0000,0.0000,0.0000
baseline_google_translate,pa,10228,0.0000,0.0000,0.0000,0.0000,0.0000,0.0000,0.0000
baseline_google_translate,ta,10228,0.0000,0.0000,0.0000,0.0098,0.0000,0.0000,0.0098
baseline_google_translate,te,10228,0.0000,0.0000,0.0000,0.0000,0.0000,0.0000,0.0000
amazon_translate,de,10228,0.0000,0.6844,0.0000,0.0000,0.0293,0.0000,0.0000
amazon_translate,fr,10228,0.0000,1.0657,0.0000,0.0000,0.0293,0.0000,0.0000
amazon_translate,zh,10228,0.0000,1.0950,2.5909,0.0000,0.0000,0.0196,0.0000
amazon_translate,es,10228,0.0000,0.9190,0.0000,0.1858,0.0196,0.0000,0.0000
amazon_translate,ja,10228,0.0000,0.1662,0.2933,0.0000,0.0098,0.0196,0.0000
amazon_translate,hi,10228,0.0000,0.2249,0.8702,0.0000,0.0196,0.0000,0.0000
amazon_translate,ar,10228,0.0000,0.1271,0.2835,0.0000,0.0684,0.0000,0.0000
amazon_translate,bn,10228,0.0000,0.0684,0.1662,0.0000,0.0098,0.0000,0.0000
amazon_translate,mr,10228,0.0000,0.0684,0.2640,0.0293,0.0098,0.0000,0.0000
amazon_translate,pa,10228,0.0000,0.0684,0.1467,0.0000,0.0293,0.0000,0.0000
amazon_translate,ta,10228,0.0000,0.0782,0.3813,0.0000,0.0489,0.0000,0.0000
amazon_translate,te,10228,0.0000,0.0782,0.3129,0.0000,0.0098,0.0000,0.0000
microsoft_translator,de,10228,0.0000,4.9276,0.0000,0.0000,0.0098,0.0098,0.0000
microsoft_translator,fr,10228,0.0000,4.0868,0.0000,0.0000,0.0098,0.0391,0.0000
microsoft_translator,zh,10228,0.0098,0.6257,1.8772,0.0000,0.0293,0.0196,0.0098
microsoft_translator,es,10228,0.0000,3.6957,0.0000,0.2542,0.0098,0.0000,0.0000
microsoft_translator,ja,10228,0.0000,0.9777,1.7012,0.0196,0.0293,0.0196,0.0000
microsoft_translator,hi,10228,0.0000,0.4986,1.4470,0.0000,0.0196,0.0000,0.0000
microsoft_translator,ar,10228,0.0000,1.2710,2.0630,0.0000,0.0196,0.0000,0.0000
microsoft_translator,bn,10228,0.0000,0.8604,2.1118,0.0000,0.0196,0.0000,0.0000
microsoft_translator,mr,10228,0.0000,0.9973,1.7599,0.0000,0.0196,0.0000,0.0000
microsoft_translator,pa,10228,0.0000,1.7403,3.4024,0.0000,0.0489,0.0000,0.0000
microsoft_translator,ta,10228,0.0000,0.5182,1.8185,0.0000,0.0293,0.0000,0.0000
microsoft_translator,te,10228,0.0000,0.7137,1.7110,0.0000,0.0196,0.0000,0.0000
nllb200,de,10228,0.0000,0.8799,0.0000,0.0000,0.2835,0.0000,0.0000
nllb200,fr,10228,0.0000,0.6355,0.0000,0.0000,0.5377,0.0000,0.0000
nllb200,zh,10228,0.1075,0.0000,0.4302,0.0098,0.0293,0.0196,0.0000
nllb200,es,10228,0.0000,0.3129,0.0000,0.0000,0.5573,0.0000,0.0000
nllb200,ja,10228,0.0587,0.0391,1.1537,0.0196,0.1369,0.0098,0.0000
nllb200,hi,10228,0.0000,0.4497,1.4079,0.0000,0.0391,0.0000,0.0000
nllb200,ar,10228,0.0000,0.4497,1.2124,0.0000,0.0587,0.0000,0.0000
nllb200,bn,10228,0.0000,0.5768,1.4372,0.0098,0.0293,0.0000,0.0000
nllb200,mr,10228,0.0000,0.1075,0.7822,0.0000,0.0391,0.0000,0.0000
nllb200,pa,10228,0.0000,0.5084,1.6132,0.0000,0.0489,0.0000,0.0000
nllb200,ta,10228,0.0000,0.7822,2.2683,0.0000,0.0587,0.0000,0.0000
nllb200,te,10228,0.0000,0.0880,0.6942,0.0000,0.0391,0.0000,0.0000
indictrans2,hi,10228,0.0000,0.0098,0.1173,0.0000,0.0489,0.0000,0.0000
indictrans2,bn,10228,0.0000,0.0000,0.1173,0.0000,0.0293,0.0000,0.0000
indictrans2,mr,10228,0.0000,0.0000,0.1369,0.0000,0.0782,0.0000,0.0000
indictrans2,pa,10228,0.0000,0.1564,0.4009,0.0098,0.0587,0.0000,0.0000
indictrans2,ta,10228,0.0000,0.0391,0.2542,0.0000,0.0489,0.0000,0.0000
indictrans2,te,10228,0.0000,0.0391,0.2346,0.0000,0.0391,0.0000,0.0000
qwen25_coder_7b,de,10228,0.0000,2.2781,0.0000,0.0684,0.0000,0.0196,0.0000
qwen25_coder_7b,fr,10228,0.0000,2.3758,0.0000,0.0098,0.0489,0.0489,0.0000
qwen25_coder_7b,zh,10228,0.0000,0.2835,1.5057,0.0196,0.0098,0.0196,0.0000
qwen25_coder_7b,es,10228,0.0000,1.7403,0.0000,0.3031,0.0000,0.0000,0.0000
qwen25_coder_7b,ja,10228,0.0000,0.3520,1.4763,0.1858,0.0098,0.0196,0.0000
qwen25_coder_7b,hi,10228,0.0000,0.5768,3.2655,3.7348,0.3911,0.0587,0.0000
qwen25_coder_7b,ar,10228,0.0000,0.2346,2.0532,1.4372,0.1173,0.0000,0.0196
qwen25_coder_7b,bn,10228,0.0000,0.4497,2.4834,3.8131,0.6648,0.1858,0.0000
qwen25_coder_7b,mr,10228,0.0000,0.5182,1.1048,0.3520,1.9750,0.0391,0.0000
qwen25_coder_7b,pa,10228,0.0000,1.5643,5.0059,3.7348,4.4877,0.0000,0.0000
qwen25_coder_7b,ta,10228,0.0000,0.9973,5.7196,5.1036,0.7919,0.2640,0.0684
qwen25_coder_7b,te,10228,0.0000,0.4204,1.8381,1.1341,3.0993,0.7626,0.0098
qwen25_coder_7b_clean,de,10228,0.0000,2.2781,0.0000,0.0684,0.0000,0.0196,0.0000
qwen25_coder_7b_clean,fr,10228,0.0000,2.3758,0.0000,0.0098,0.0196,0.0196,0.0000
qwen25_coder_7b_clean,zh,10228,0.0000,0.2835,1.5057,0.0196,0.0098,0.0196,0.0000
qwen25_coder_7b_clean,es,10228,0.0000,1.7403,0.0000,0.3031,0.0000,0.0000,0.0000
qwen25_coder_7b_clean,ja,10228,0.0000,0.3520,1.4763,0.1858,0.0098,0.0196,0.0000
qwen25_coder_7b_clean,hi,10228,0.0000,0.5768,3.1873,3.7348,0.3324,0.0000,0.0000
qwen25_coder_7b_clean,ar,10228,0.0000,0.2346,2.0532,1.4372,0.1075,0.0000,0.0196
qwen25_coder_7b_clean,bn,10228,0.0000,0.4497,2.2781,3.8033,0.5280,0.0000,0.0000
qwen25_coder_7b_clean,mr,10228,0.0000,0.5182,1.0559,0.3520,1.8674,0.0000,0.0000
qwen25_coder_7b_clean,pa,10228,0.0000,1.5643,4.9765,3.7348,4.4681,0.0000,0.0000
qwen25_coder_7b_clean,ta,10228,0.0000,0.9973,5.4361,5.1036,0.6257,0.0000,0.0684
qwen25_coder_7b_clean,te,10228,0.0000,0.4204,1.0950,1.1341,2.2781,0.0098,0.0098
